Year,Trt,TrtO,Season,Drainage,Nitrate load,Flow-weighted nitrate-N concentration
2011,CP-SPUREA-150-S,CPPUREA-150,2,25.59366586,24.67599095,9.641444524
2011,CP-SPUREA-150-C,CPPUREA-150,2,24.39048614,24.40254901,10.00494572
2011,CP-SPUREA-150-C,CPPUREA-150,2,29.48750618,27.82442032,9.436003218
2011,CP-SPUREA-150-S,CPPUREA-150,2,21.70090656,28.17820549,12.98480569
2011,CP-SPUREA-150-S,CPPUREA-150,2,3.6380928,4.115414682,11.31201129
2011,CP-SPUREA-150-S,CPPUREA-150,2,15.8540135,24.95280306,15.73910799
2011,CP-SPUREA-150-C,CPPUREA-150,2,14.76509722,20.47452718,13.86684211
2011,CP-SPUREA-150-C,CPPUREA-150,2,27.49335827,33.37065365,12.13771462
2011,CP-SP-150-C,CPP-150,2,25.84008243,26.747702,10.35124484
2011,CP-SP-150-S,CPP-150,2,26.87326502,32.06316315,11.93124956
2011,CP-SP-150-C,CPP-150,2,23.36294438,29.95540614,12.82175981
2011,CP-SP-150-S,CPP-150,2,33.98740269,41.99307303,12.35548165
2011,CP-SP-150-C,CPP-150,2,19.38842554,36.23526179,18.68912033
2011,CP-SP-150-C,CPP-150,2,24.11570285,46.70834651,19.36843674
2011,CP-SP-150-S,CPP-150,2,24.8619264,34.23182167,13.76877283
2011,CP-SP-150-S,CPP-150,2,12.09631718,15.23465556,12.59445774
2011,CP-SPPOLY-150-S,CPPPOLY-150,2,21.10103578,17.63246585,8.356208688
2011,CP-SPPOLY-150-S,CPPPOLY-150,2,4.821789696,4.100861158,8.504852797
2011,CP-SPPOLY-150-C,CPPPOLY-150,2,37.98268858,34.21331896,9.007608529
2011,CP-SPPOLY-150-C,CPPPOLY-150,2,23.03463821,25.96708447,11.2730594
2011,CP-SPPOLY-150-C,CPPPOLY-150,2,13.50161587,18.27614991,13.53626861
2011,CP-SPPOLY-150-S,CPPPOLY-150,2,23.37152755,32.72218401,14.00087518
2011,CP-SPPOLY-150-S,CPPPOLY-150,2,22.7405184,25.97985501,11.42447791
2011,CP-SPPOLY-150-C,CPPPOLY-150,2,10.81020749,12.37291659,11.4455866
2012,CP-SPUREA-150-C,CPPUREA-150,2,0.92317824,1.190219898,12.8926338
2012,CP-SPUREA-150-S,CPPUREA-150,2,1.898148096,2.184995013,11.51119355
2012,CP-SPUREA-150-S,CPPUREA-150,2,5.06601984,6.971368151,13.76103602
2012,CP-SPUREA-150-C,CPPUREA-150,2,0,0,
2012,CP-SPUREA-150-C,CPPUREA-150,2,1.319759616,1.669163027,12.64747767
2012,CP-SPUREA-150-C,CPPUREA-150,2,0.322258944,0.508155048,15.76853204
2012,CP-SPUREA-150-S,CPPUREA-150,2,1.992562944,2.240004227,11.24182417
2012,CP-SPUREA-150-S,CPPUREA-150,2,0.87733632,1.221241323,13.91987651
2012,CP-SP-150-S,CPP-150,2,5.904926976,5.340433331,9.044029422
2012,CP-SP-150-C,CPP-150,2,6.895112448,7.347209381,10.65567739
2012,CP-SP-150-S,CPP-150,2,3.933236736,4.456846746,11.33124458
2012,CP-SP-150-C,CPP-150,2,1.169261568,1.759161195,15.04506128
2012,CP-SP-150-S,CPP-150,2,1.674400512,3.137219359,18.73637362
2012,CP-SP-150-S,CPP-150,2,1.178332416,2.286658537,19.40588671
2012,CP-SP-150-C,CPP-150,2,0.087879936,0.142086401,16.16824134
2012,CP-SP-150-C,CPP-150,2,1.186232832,1.791314498,15.10086764
2012,CP-SPPOLY-150-C,CPPPOLY-150,2,0,0,
2012,CP-SPPOLY-150-C,CPPPOLY-150,2,1.177454592,1.198276787,10.17684075
2012,CP-SPPOLY-150-S,CPPPOLY-150,2,2.645078784,2.5366589,9.590107166
2012,CP-SPPOLY-150-S,CPPPOLY-150,2,0,0,
2012,CP-SPPOLY-150-S,CPPPOLY-150,2,0.012972288,0.016190613,12.48092302
2012,CP-SPPOLY-150-C,CPPPOLY-150,2,0.51889152,0.661105886,12.74073406
2012,CP-SPPOLY-150-C,CPPPOLY-150,2,1.47913344,2.332376304,15.76853204
2012,CP-SPPOLY-150-S,CPPPOLY-150,2,0,0,
2013,CP-SPUREA-150-S,CPPUREA-150,2,28.78986368,61.58358923,21.39071929
2013,CP-SPUREA-150-C,CPPUREA-150,2,16.20258278,24.76281794,15.28325346
2013,CP-SPUREA-150-C,CPPUREA-150,2,21.17478112,33.14245221,15.65185114
2013,CP-SPUREA-150-S,CPPUREA-150,2,8.014435584,15.68106915,19.56603056
2013,CP-SPUREA-150-S,CPPUREA-150,2,20.13357619,50.24469483,24.95567322
2013,CP-SPUREA-150-S,CPPUREA-150,2,7.020738816,17.75587829,25.29061222
2013,CP-SPUREA-150-C,CPPUREA-150,2,20.28144077,45.90657024,22.6347678
2013,CP-SPUREA-150-C,CPPUREA-150,2,24.01004698,59.41542235,24.74606668
2013,CP-SP-150-C,CPP-150,2,24.73601555,37.24975063,15.058913
2013,CP-SP-150-S,CPP-150,2,23.59298304,49.25712271,20.87786976
2013,CP-SP-150-C,CPP-150,2,26.59972531,43.93303233,16.51634813
2013,CP-SP-150-S,CPP-150,2,24.84885658,64.0293084,25.76750693
2013,CP-SP-150-C,CPP-150,2,29.40564096,74.81410056,25.44209142
2013,CP-SP-150-C,CPP-150,2,25.45045862,71.75694392,28.19475475
2013,CP-SP-150-S,CPP-150,2,25.25246054,59.53512959,23.57597173
2013,CP-SP-150-S,CPP-150,2,18.17124941,32.01472886,17.61834211
2013,CP-SPPOLY-150-S,CPPPOLY-150,2,7.405615872,15.16539594,20.47823733
2013,CP-SPPOLY-150-S,CPPPOLY-150,2,24.01619174,28.40674685,11.82816458
2013,CP-SPPOLY-150-C,CPPPOLY-150,2,21.87225293,32.25667139,14.74775895
2013,CP-SPPOLY-150-C,CPPPOLY-150,2,18.4843481,35.83441288,19.38635471
2013,CP-SPPOLY-150-C,CPPPOLY-150,2,11.51149133,23.70516412,20.59260911
2013,CP-SPPOLY-150-S,CPPPOLY-150,2,20.21472614,41.37985114,20.47015173
2013,CP-SPPOLY-150-S,CPPPOLY-150,2,23.00971776,34.21500679,14.86980725
2013,CP-SPPOLY-150-C,CPPPOLY-150,2,20.21960294,43.15662385,21.34395219
2014,CP-SPUREA-150-C,CPPUREA-150,2,17.06567885,36.98073844,21.66965567
2014,CP-SPUREA-150-S,CPPUREA-150,2,16.83873967,24.01457351,14.26150293
2014,CP-SPUREA-150-S,CPPUREA-150,2,13.90164894,26.64620112,19.16765503
2014,CP-SPUREA-150-C,CPPUREA-150,2,6.405384192,15.41323794,24.0629406
2014,CP-SPUREA-150-C,CPPUREA-150,2,19.50066509,49.56195134,25.41551845
2014,CP-SPUREA-150-C,CPPUREA-150,2,10.582656,27.38337784,25.87571385
2014,CP-SPUREA-150-S,CPPUREA-150,2,11.80912243,23.33273753,19.75823154
2014,CP-SPUREA-150-S,CPPUREA-150,2,13.75999415,33.56576007,24.39373134
2014,CP-SP-150-S,CPP-150,2,13.90366468,23.18172416,16.67310359
2014,CP-SP-150-C,CPP-150,2,16.63349683,26.49272737,15.92733485
2014,CP-SP-150-S,CPP-150,2,13.51605662,21.97259701,16.25666245
2014,CP-SP-150-C,CPP-150,2,15.9606935,35.95273214,22.52579572
2014,CP-SP-150-S,CPP-150,2,14.12730931,27.75295533,19.6448982
2014,CP-SP-150-S,CPP-150,2,15.62965632,32.07834736,20.52402606
2014,CP-SP-150-C,CPP-150,2,12.67928986,25.60310458,20.19285376
2014,CP-SP-150-C,CPP-150,2,11.87537539,20.55001065,17.3047251
2014,CP-SPPOLY-150-C,CPPPOLY-150,2,13.0161792,20.30764253,15.60184615
2014,CP-SPPOLY-150-S,CPPPOLY-150,2,15.19806494,18.97677025,12.48630686
2014,CP-SPPOLY-150-S,CPPPOLY-150,2,16.17546778,31.30953151,19.35618304
2014,CP-SPPOLY-150-S,CPPPOLY-150,2,10.8909673,16.01064429,14.70084691
2014,CP-SPPOLY-150-C,CPPPOLY-150,2,15.04707379,28.86722103,19.18460787
2014,CP-SPPOLY-150-C,CPPPOLY-150,2,13.33414656,34.29526527,25.71988025
2014,CP-SPPOLY-150-S,CPPPOLY-150,2,12.9186432,23.49688175,18.18835104
2015,CP-SPUREA-150-S,CPPPOLY-150,2,31.84287053,71.07030607,22.31906386
2015,CP-SPUREA-150-C,CPPUREA-150,2,26.15837491,30.917504,11.81935197
2015,CP-SPUREA-150-C,CPPUREA-150,2,29.78108954,40.48267009,13.59341472
2015,CP-SPUREA-150-S,CPPUREA-150,2,5.201887488,13.16329227,25.30483848
2015,CP-SPUREA-150-S,CPPUREA-150,2,27.29905843,73.10104333,26.77786251
2015,CP-SPUREA-150-S,CPPUREA-150,2,22.60728422,71.71282224,31.72111322
2015,CP-SPUREA-150-C,CPPUREA-150,2,15.31285939,25.16393134,16.43320212
2015,CP-SPUREA-150-C,CPPUREA-150,2,23.08169933,40.0049987,17.33191224
2015,CP-SP-150-C,CPP-150,2,28.1683968,37.68693091,13.37915366
2015,CP-SP-150-S,CPP-150,2,29.47664717,50.18795044,17.02634297
2015,CP-SP-150-C,CPP-150,2,25.82405402,34.53757718,13.37418871
2015,CP-SP-150-S,CPP-150,2,29.80690406,67.0409962,22.4917677
2015,CP-SP-150-C,CPP-150,2,21.79919846,43.09010848,19.76683159
2015,CP-SP-150-C,CPP-150,2,16.91917978,32.50689261,19.21304285
2015,CP-SP-150-S,CPP-150,2,21.31824845,40.50002116,18.99781835
2015,CP-SP-150-S,CPP-150,2,21.69980928,31.83741223,14.67174749
2015,CP-SPPOLY-150-S,CPPPOLY-150,2,9.769270784,22.04830554,22.56903922
2015,CP-SPPOLY-150-S,CPPPOLY-150,2,24.57692621,37.44984526,15.23780677
2015,CP-SPPOLY-150-C,CPPPOLY-150,2,39.26106854,39.25708449,9.99898524
2015,CP-SPPOLY-150-C,CPPPOLY-150,2,17.04519629,30.58869812,17.94564146
2015,CP-SPPOLY-150-C,CPPPOLY-150,2,18.46024858,24.96630649,13.52436095
2015,CP-SPPOLY-150-S,CPPPOLY-150,2,19.34987443,38.64928539,19.97392052
2015,CP-SPPOLY-150-S,CPPPOLY-150,2,20.79399245,55.94800424,26.90585003
2015,CP-SPPOLY-150-C,CPPPOLY-150,2,22.57139098,32.42517142,14.3656062
2011,CP-SPUREA-150-S,CPPUREA-150,3,3.08364128,3.378024311,10.95466043
2011,CP-SPUREA-150-C,CPPUREA-150,3,2.83151072,2.798328965,9.88281254
2011,CP-SPUREA-150-C,CPPUREA-150,3,3.177080768,4.26210899,13.41517356
2011,CP-SPUREA-150-S,CPPUREA-150,3,2.7686,3.723827377,13.45021808
2011,CP-SPUREA-150-S,CPPUREA-150,3,4.72415616,4.055100993,8.583757302
2011,CP-SPUREA-150-S,CPPUREA-150,3,1.241925888,2.107257615,16.96765995
2011,CP-SPUREA-150-C,CPPUREA-150,3,0.349373952,0.574651599,16.44803786
2011,CP-SPUREA-150-C,CPPUREA-150,3,3.66150144,6.282229104,17.15752187
2011,CP-SP-150-C,CPP-150,3,2.77640288,3.043500517,10.96202766
2011,CP-SP-150-S,CPP-150,3,2.924852672,3.607087534,12.33254437
2011,CP-SP-150-C,CPP-150,3,2.76908768,3.948616414,14.25962942
2011,CP-SP-150-S,CPP-150,3,0.712272896,1.029198104,14.44949134
2011,CP-SP-150-C,CPP-150,3,1.7629632,3.141078977,17.81704222
2011,CP-SP-150-C,CPP-150,3,3.18162432,6.527127753,20.51508002
2011,CP-SP-150-S,CPP-150,3,3.224247552,5.039058422,15.62863378
2011,CP-SP-150-S,CPP-150,3,0.11070336,0.135734307,12.2610829
2011,CP-SPPOLY-150-S,CPPPOLY-150,3,5.050121472,4.900104257,9.702943353
2011,CP-SPPOLY-150-S,CPPPOLY-150,3,0.00926592,0.00818512,8.833575617
2011,CP-SPPOLY-150-C,CPPPOLY-150,3,7.493,9.0156502,12.03209689
2011,CP-SPPOLY-150-C,CPPPOLY-150,3,2.7686,4.019852287,14.51944047
2011,CP-SPPOLY-150-C,CPPPOLY-150,3,0.6266688,1.0113346,16.13826315
2011,CP-SPPOLY-150-S,CPPPOLY-150,3,2.7686,3.46376811,12.51090121
2011,CP-SPPOLY-150-S,CPPPOLY-150,3,0.58911744,0.651090371,11.05196225
2011,CP-SPPOLY-150-C,CPPPOLY-150,3,0.47109888,0.400613793,8.503815441
2012,CP-SPUREA-150-C,CPPUREA-150,3,0.6925056,0.799954692,11.55159888
2012,CP-SPUREA-150-S,CPPUREA-150,3,1.042562304,1.243914731,11.93132272
2012,CP-SPUREA-150-S,CPPUREA-150,3,1.714292736,2.441091819,14.23964395
2012,CP-SPUREA-150-C,CPPUREA-150,3,0,0,
2012,CP-SPUREA-150-C,CPPUREA-150,3,1.005791232,1.335725116,13.28034162
2012,CP-SPUREA-150-C,CPPUREA-150,3,0.551273472,1.040598794,18.87627188
2012,CP-SPUREA-150-S,CPPUREA-150,3,0.74956416,0.869611549,11.60156255
2012,CP-SPUREA-150-S,CPPUREA-150,3,0.685483008,1.147349607,16.7378271
2012,CP-SP-150-S,CPP-150,3,1.422952704,1.436137773,10.09265992
2012,CP-SP-150-C,CPP-150,3,1.16994432,1.326921775,11.3417515
2012,CP-SP-150-S,CPP-150,3,1.08313728,1.240373238,11.45167156
2012,CP-SP-150-C,CPP-150,3,1.31332224,2.147033714,16.34811053
2012,CP-SP-150-S,CPP-150,3,1.665037056,3.342628456,20.07539979
2012,CP-SP-150-S,CPP-150,3,0.949610496,1.895942911,19.96547973
2012,CP-SP-150-C,CPP-150,3,0.070128384,0.113385264,16.16824134
2012,CP-SP-150-C,CPP-150,3,0.40818816,0.571863902,14.0098111
2012,CP-SPPOLY-150-C,CPPPOLY-150,3,0,0,
2012,CP-SPPOLY-150-C,CPPPOLY-150,3,0.676607232,0.7234436,10.69222388
2012,CP-SPPOLY-150-S,CPPPOLY-150,3,0.025749504,0.023337827,9.063408467
2012,CP-SPPOLY-150-S,CPPPOLY-150,3,0,0,
2012,CP-SPPOLY-150-S,CPPPOLY-150,3,0.718645248,1.151869259,16.02834309
2012,CP-SPPOLY-150-C,CPPPOLY-150,3,0.65251584,0.831353079,12.74073406
2012,CP-SPPOLY-150-C,CPPPOLY-150,3,0.479486976,0.666960811,13.90988378
2012,CP-SPPOLY-150-S,CPPPOLY-150,3,1.448702208,2.300314862,15.8784521
2013,CP-SPUREA-150-S,CPPUREA-150,3,0.778109696,1.072168882,13.7791482
2013,CP-SPUREA-150-C,CPPUREA-150,3,0.12728448,0.153902292,12.09120644
2013,CP-SPUREA-150-C,CPPUREA-150,3,0.260323584,0.411532615,15.80850297
2013,CP-SPUREA-150-S,CPPUREA-150,3,0,0,
2013,CP-SPUREA-150-S,CPPUREA-150,3,0.115872768,0.261566354,22.57358294
2013,CP-SPUREA-150-S,CPPUREA-150,3,0.261201408,0.649657829,24.87191144
2013,CP-SPUREA-150-C,CPPUREA-150,3,0,0,
2013,CP-SPUREA-150-C,CPPUREA-150,3,0,0,
2013,CP-SP-150-C,CPP-150,3,0.074810112,0.093519436,12.50090848
2013,CP-SP-150-S,CPP-150,3,0.238865664,0.485022288,20.30523264
2013,CP-SP-150-C,CPP-150,3,0.024188928,0.031326068,12.95058145
2013,CP-SP-150-S,CPP-150,3,0.01024128,0.0284296,27.75981116
2013,CP-SP-150-C,CPP-150,3,0.040282368,0.090690219,22.51362654
2013,CP-SP-150-C,CPP-150,3,0,0,
2013,CP-SP-150-S,CPP-150,3,0.161129472,0.33860902,21.01471665
2013,CP-SP-150-S,CPP-150,3,0.286658304,0.315381426,11.00199859
2013,CP-SPPOLY-150-S,CPPPOLY-150,3,0,0,
2013,CP-SPPOLY-150-S,CPPPOLY-150,3,0.269784576,0.343643288,12.73769217
2013,CP-SPPOLY-150-C,CPPPOLY-150,3,0.409846272,0.609408049,14.86918611
2013,CP-SPPOLY-150-C,CPPPOLY-150,3,0.009948672,0.019465343,19.56577043
2013,CP-SPPOLY-150-C,CPPPOLY-150,3,0,0,
2013,CP-SPPOLY-150-S,CPPPOLY-150,3,0,0,
2013,CP-SPPOLY-150-S,CPPPOLY-150,3,0.139671552,0.242851882,17.38735472
2013,CP-SPPOLY-150-C,CPPPOLY-150,3,0.069153024,0.140831441,20.36518904
2014,CP-SPUREA-150-C,CPPUREA-150,3,9.934724352,24.10128506,24.25964144
2014,CP-SPUREA-150-S,CPPUREA-150,3,10.34496077,13.68146273,13.22524371
2014,CP-SPUREA-150-S,CPPUREA-150,3,8.640920149,15.43136105,17.85846968
2014,CP-SPUREA-150-C,CPPUREA-150,3,3.421465344,9.768826598,28.55158716
2014,CP-SPUREA-150-C,CPPUREA-150,3,11.25536179,31.9460987,28.38300473
2014,CP-SPUREA-150-C,CPPUREA-150,3,6.23547648,17.13502793,27.47990148
2014,CP-SPUREA-150-S,CPPUREA-150,3,5.973787392,9.759050408,16.33645419
2014,CP-SPUREA-150-S,CPPUREA-150,3,7.983429973,14.68807351,18.39819922
2014,CP-SP-150-S,CPP-150,3,7.672875349,11.51016828,15.00111465
2014,CP-SP-150-C,CPP-150,3,11.25116774,17.20770124,15.29414691
2014,CP-SP-150-S,CPP-150,3,7.177490005,11.90951629,16.5928706
2014,CP-SP-150-C,CPP-150,3,13.27201613,28.29567735,21.31980332
2014,CP-SP-150-S,CPP-150,3,7.156118784,13.71275152,19.16227488
2014,CP-SP-150-S,CPP-150,3,8.162202624,17.973241,22.02008677
2014,CP-SP-150-C,CPP-150,3,9.81260928,18.84144486,19.20125863
2014,CP-SP-150-C,CPP-150,3,9.255093504,13.10847935,14.16352989
2014,CP-SPPOLY-150-C,CPPPOLY-150,3,6.548274432,11.65099857,17.79247142
2014,CP-SPPOLY-150-S,CPPPOLY-150,3,9.587116885,10.59761771,11.05401951
2014,CP-SPPOLY-150-S,CPPPOLY-150,3,8.232135936,13.77982628,16.73906552
2014,CP-SPPOLY-150-S,CPPPOLY-150,3,5.480840448,7.877580726,14.37294298
2014,CP-SPPOLY-150-C,CPPPOLY-150,3,7.491350016,15.34836472,20.48811587
2014,CP-SPPOLY-150-C,CPPPOLY-150,3,6.851318784,18.55025886,27.07545721
2014,CP-SPPOLY-150-S,CPPPOLY-150,3,6.803136,11.51259352,16.92248034
2015,CP-SPUREA-150-S,CPPPOLY-150,3,7.399755584,9.97085658,13.47457557
2015,CP-SPUREA-150-C,CPPUREA-150,3,13.19584051,16.60587549,12.58417414
2015,CP-SPUREA-150-C,CPPUREA-150,3,8.760090176,18.93010851,21.60949046
2015,CP-SPUREA-150-S,CPPUREA-150,3,4.3257216,6.349866971,14.67932419
2015,CP-SPUREA-150-S,CPPUREA-150,3,7.809114176,13.56249098,17.36751528
2015,CP-SPUREA-150-S,CPPUREA-150,3,4.002584832,9.921450051,24.78760718
2015,CP-SPUREA-150-C,CPPUREA-150,3,4.279294464,3.939991864,9.207106212
2015,CP-SPUREA-150-C,CPPUREA-150,3,2.724473088,5.07370347,18.62269623
2015,CP-SP-150-C,CPP-150,3,8.46011008,5.606316544,6.626765481
2015,CP-SP-150-S,CPP-150,3,10.37705011,15.48406691,14.92145334
2015,CP-SP-150-C,CPP-150,3,9.333805056,7.461694149,7.994268259
2015,CP-SP-150-S,CPP-150,3,8.040274496,16.91706523,21.04040756
2015,CP-SP-150-C,CPP-150,3,5.815779072,7.044808457,12.11326698
2015,CP-SP-150-C,CPP-150,3,8.36810112,10.62676358,12.6991338
2015,CP-SP-150-S,CPP-150,3,8.79823488,14.25248574,16.1992558
2015,CP-SP-150-S,CPP-150,3,5.08845312,5.805965811,11.41008018
2015,CP-SPPOLY-150-S,CPPPOLY-150,3,6.422452992,8.9165846,13.88345639
2015,CP-SPPOLY-150-S,CPPPOLY-150,3,7.763085312,7.402423467,9.535414297
2015,CP-SPPOLY-150-C,CPPPOLY-150,3,12.87777562,10.89316599,8.458887866
2015,CP-SPPOLY-150-C,CPPPOLY-150,3,7.523536896,14.28832524,18.99150019
2015,CP-SPPOLY-150-C,CPPPOLY-150,3,4.607210496,3.983713107,8.646692203
2015,CP-SPPOLY-150-S,CPPPOLY-150,3,7.54050816,12.88132676,17.08283644
2015,CP-SPPOLY-150-S,CPPPOLY-150,3,4.471342848,7.592280593,16.97986679
2015,CP-SPPOLY-150-C,CPPPOLY-150,3,6.325892352,6.962394001,11.00618476
2011,CP-SPUREA-150-S,CPPUREA-150,4,0,0,
2011,CP-SPUREA-150-C,CPPUREA-150,4,0,0,
2011,CP-SPUREA-150-C,CPPUREA-150,4,0,0,
2011,CP-SPUREA-150-S,CPPUREA-150,4,0,0,
2011,CP-SPUREA-150-S,CPPUREA-150,4,0,0,
2011,CP-SPUREA-150-S,CPPUREA-150,4,0,0,
2011,CP-SPUREA-150-C,CPPUREA-150,4,0,0,
2011,CP-SPUREA-150-C,CPPUREA-150,4,0,0,
2011,CP-SP-150-C,CPP-150,4,0,0,
2011,CP-SP-150-S,CPP-150,4,0,0,
2011,CP-SP-150-C,CPP-150,4,0,0,
2011,CP-SP-150-S,CPP-150,4,0,0,
2011,CP-SP-150-C,CPP-150,4,0,0,
2011,CP-SP-150-C,CPP-150,4,0,0,
2011,CP-SP-150-S,CPP-150,4,0,0,
2011,CP-SP-150-S,CPP-150,4,0,0,
2011,CP-SPPOLY-150-S,CPPPOLY-150,4,0,0,
2011,CP-SPPOLY-150-S,CPPPOLY-150,4,0,0,
2011,CP-SPPOLY-150-C,CPPPOLY-150,4,0,0,
2011,CP-SPPOLY-150-C,CPPPOLY-150,4,0,0,
2011,CP-SPPOLY-150-C,CPPPOLY-150,4,0,0,
2011,CP-SPPOLY-150-S,CPPPOLY-150,4,0,0,
2011,CP-SPPOLY-150-S,CPPPOLY-150,4,0,0,
2011,CP-SPPOLY-150-C,CPPPOLY-150,4,0,0,
2012,CP-SPUREA-150-C,CPPUREA-150,4,0,0,
2012,CP-SPUREA-150-S,CPPUREA-150,4,0,0,
2012,CP-SPUREA-150-S,CPPUREA-150,4,0,0,
2012,CP-SPUREA-150-C,CPPUREA-150,4,0,0,
2012,CP-SPUREA-150-C,CPPUREA-150,4,0,0,
2012,CP-SPUREA-150-C,CPPUREA-150,4,0,0,
2012,CP-SPUREA-150-S,CPPUREA-150,4,0,0,
2012,CP-SPUREA-150-S,CPPUREA-150,4,0,0,
2012,CP-SP-150-S,CPP-150,4,0,0,
2012,CP-SP-150-C,CPP-150,4,0,0,
2012,CP-SP-150-S,CPP-150,4,0,0,
2012,CP-SP-150-C,CPP-150,4,0,0,
2012,CP-SP-150-S,CPP-150,4,0,0,
2012,CP-SP-150-S,CPP-150,4,0,0,
2012,CP-SP-150-C,CPP-150,4,0,0,
2012,CP-SP-150-C,CPP-150,4,0,0,
2012,CP-SPPOLY-150-C,CPPPOLY-150,4,0,0,
2012,CP-SPPOLY-150-C,CPPPOLY-150,4,0,0,
2012,CP-SPPOLY-150-S,CPPPOLY-150,4,0,0,
2012,CP-SPPOLY-150-S,CPPPOLY-150,4,0,0,
2012,CP-SPPOLY-150-S,CPPPOLY-150,4,0,0,
2012,CP-SPPOLY-150-C,CPPPOLY-150,4,0,0,
2012,CP-SPPOLY-150-C,CPPPOLY-150,4,0,0,
2012,CP-SPPOLY-150-S,CPPPOLY-150,4,0,0,
2013,CP-SPUREA-150-S,CPPUREA-150,4,0,0,
2013,CP-SPUREA-150-C,CPPUREA-150,4,0,0,
2013,CP-SPUREA-150-C,CPPUREA-150,4,0,0,
2013,CP-SPUREA-150-S,CPPUREA-150,4,0,0,
2013,CP-SPUREA-150-S,CPPUREA-150,4,0,0,
2013,CP-SPUREA-150-S,CPPUREA-150,4,0,0,
2013,CP-SPUREA-150-C,CPPUREA-150,4,0,0,
2013,CP-SPUREA-150-C,CPPUREA-150,4,0,0,
2013,CP-SP-150-C,CPP-150,4,0,0,
2013,CP-SP-150-S,CPP-150,4,0,0,
2013,CP-SP-150-C,CPP-150,4,0,0,
2013,CP-SP-150-S,CPP-150,4,0,0,
2013,CP-SP-150-C,CPP-150,4,0,0,
2013,CP-SP-150-C,CPP-150,4,0,0,
2013,CP-SP-150-S,CPP-150,4,0,0,
2013,CP-SP-150-S,CPP-150,4,0,0,
2013,CP-SPPOLY-150-S,CPPPOLY-150,4,0,0,
2013,CP-SPPOLY-150-S,CPPPOLY-150,4,0,0,
2013,CP-SPPOLY-150-C,CPPPOLY-150,4,0,0,
2013,CP-SPPOLY-150-C,CPPPOLY-150,4,0,0,
2013,CP-SPPOLY-150-C,CPPPOLY-150,4,0,0,
2013,CP-SPPOLY-150-S,CPPPOLY-150,4,0,0,
2013,CP-SPPOLY-150-S,CPPPOLY-150,4,0,0,
2013,CP-SPPOLY-150-C,CPPPOLY-150,4,0,0,
2014,CP-SPUREA-150-C,CPPUREA-150,4,2.495361024,5.669907043,22.72179051
2014,CP-SPUREA-150-S,CPPUREA-150,4,3.43668096,1.945034239,5.65962992
2014,CP-SPUREA-150-S,CPPUREA-150,4,2.655027456,3.916585129,14.75158052
2014,CP-SPUREA-150-C,CPPUREA-150,4,0,0,
2014,CP-SPUREA-150-C,CPPUREA-150,4,1.894344192,4.387448562,23.16077818
2014,CP-SPUREA-150-C,CPPUREA-150,4,1.75272192,4.85118632,27.67801478
2014,CP-SPUREA-150-S,CPPUREA-150,4,0.567561984,0.680136048,11.9834673
2014,CP-SPUREA-150-S,CPPUREA-150,4,1.126345728,2.22479616,19.75233807
2014,CP-SP-150-S,CPP-150,4,1.42500096,0.880231153,6.177056559
2014,CP-SP-150-C,CPP-150,4,2.518086912,3.140484732,12.47170905
2014,CP-SP-150-S,CPP-150,4,1.725216768,1.685944181,9.772361434
2014,CP-SP-150-C,CPP-150,4,1.81563264,3.823631965,21.05950224
2014,CP-SP-150-S,CPP-150,4,1.357896192,2.660634236,19.59379702
2014,CP-SP-150-S,CPP-150,4,0.500262144,0.953389152,19.05779126
2014,CP-SP-150-C,CPP-150,4,1.256946432,2.15377294,17.13496204
2014,CP-SP-150-C,CPP-150,4,1.071237888,0.539957916,5.04050428
2014,CP-SPPOLY-150-C,CPPPOLY-150,4,2.690920704,3.517862939,13.07308288
2014,CP-SPPOLY-150-S,CPPPOLY-150,4,4.679679744,3.988092459,8.52214826
2014,CP-SPPOLY-150-S,CPPPOLY-150,4,0,0,
2014,CP-SPPOLY-150-S,CPPPOLY-150,4,0.48670464,0.57496183,11.81336242
2014,CP-SPPOLY-150-C,CPPPOLY-150,4,0.557808384,1.081118941,19.381547
2014,CP-SPPOLY-150-C,CPPPOLY-150,4,0.989307648,2.033473793,20.55451403
2014,CP-SPPOLY-150-S,CPPPOLY-150,4,1.047439104,1.517963637,14.49214213
2015,CP-SPUREA-150-S,CPPPOLY-150,4,11.82058291,16.55201412,14.00270549
2015,CP-SPUREA-150-C,CPPUREA-150,4,14.4659543,21.50410315,14.86531943
2015,CP-SPUREA-150-C,CPPUREA-150,4,12.78901786,25.32753278,19.80412653
2015,CP-SPUREA-150-S,CPPUREA-150,4,0.49694592,0.862939087,17.36484901
2015,CP-SPUREA-150-S,CPPUREA-150,4,15.39625267,26.60762081,17.2818811
2015,CP-SPUREA-150-S,CPPUREA-150,4,7.777715712,19.80634493,25.46550384
2015,CP-SPUREA-150-C,CPPUREA-150,4,5.327123712,6.367865659,11.95366581
2015,CP-SPUREA-150-C,CPPUREA-150,4,23.10647347,38.1407667,16.50652868
2015,CP-SP-150-C,CPP-150,4,11.93118874,14.61535974,12.24970962
2015,CP-SP-150-S,CPP-150,4,12.40892006,15.87271481,12.79137486
2015,CP-SP-150-C,CPP-150,4,10.31433446,10.63736652,10.31318749
2015,CP-SP-150-S,CPP-150,4,19.67145062,35.2017333,17.89483347
2015,CP-SP-150-C,CPP-150,4,8.420575488,13.14125199,15.606121
2015,CP-SP-150-C,CPP-150,4,18.16666522,26.88593801,14.79960009
2015,CP-SP-150-S,CPP-150,4,17.95998643,30.16429631,16.79527789
2015,CP-SP-150-S,CPP-150,4,8.368978944,10.62508104,12.69579134
2015,CP-SPPOLY-150-S,CPPPOLY-150,4,7.059850752,10.75014594,15.22715751
2015,CP-SPPOLY-150-S,CPPPOLY-150,4,11.22571085,10.32632375,9.198815016
2015,CP-SPPOLY-150-C,CPPPOLY-150,4,16.94463667,13.34324071,7.874610104
2015,CP-SPPOLY-150-C,CPPPOLY-150,4,9.691469568,19.53601335,20.15794737
2015,CP-SPPOLY-150-C,CPPPOLY-150,4,5.394813696,4.577736727,8.485439877
2015,CP-SPPOLY-150-S,CPPPOLY-150,4,18.60460186,28.66547638,15.40773439
2015,CP-SPPOLY-150-S,CPPPOLY-150,4,6.775240704,10.00657696,14.76933056
2015,CP-SPPOLY-150-C,CPPPOLY-150,4,10.33813325,11.62482255,11.24460507
2011,CP-SPUREA-150-S,CPPUREA-150,Annual,28.67730714,28.05401526,9.782653276
2011,CP-SPUREA-150-C,CPPUREA-150,Annual,27.22199686,27.20087797,9.992241975
2011,CP-SPUREA-150-C,CPPUREA-150,Annual,32.66458694,32.08652931,9.823032314
2011,CP-SPUREA-150-S,CPPUREA-150,Annual,24.46950656,31.90203287,13.03746473
2011,CP-SPUREA-150-S,CPPUREA-150,Annual,8.36224896,8.170515675,9.770715646
2011,CP-SPUREA-150-S,CPPUREA-150,Annual,17.09593939,27.06006067,15.82835553
2011,CP-SPUREA-150-C,CPPUREA-150,Annual,15.11447117,21.04917877,13.92650695
2011,CP-SPUREA-150-C,CPPUREA-150,Annual,31.15485971,39.65288276,12.72767174
2011,CP-SP-150-C,CPP-150,Annual,28.61648531,29.79120251,10.41050366
2011,CP-SP-150-S,CPP-150,Annual,29.7981177,35.67025068,11.9706389
2011,CP-SP-150-C,CPP-150,Annual,26.13203206,33.90402255,12.97412404
2011,CP-SP-150-S,CPP-150,Annual,34.69967558,43.02227114,12.39846495
2011,CP-SP-150-C,CPP-150,Annual,21.15138874,39.37634077,18.61643283
2011,CP-SP-150-C,CPP-150,Annual,27.29732717,53.23547426,19.50208309
2011,CP-SP-150-S,CPP-150,Annual,28.08617395,39.27088009,13.98228187
2011,CP-SP-150-S,CPP-150,Annual,12.20702054,15.37038987,12.59143442
2011,CP-SPPOLY-150-S,CPPPOLY-150,Annual,26.15115725,22.53257011,8.616280301
2011,CP-SPPOLY-150-S,CPPPOLY-150,Annual,4.831055616,4.109046279,8.505483284
2011,CP-SPPOLY-150-C,CPPPOLY-150,Annual,45.47568858,43.22896916,9.505951533
2011,CP-SPPOLY-150-C,CPPPOLY-150,Annual,25.80323821,29.98693675,11.62138508
2011,CP-SPPOLY-150-C,CPPPOLY-150,Annual,14.12828467,19.28748451,13.65168169
2011,CP-SPPOLY-150-S,CPPPOLY-150,Annual,26.14012755,36.18595212,13.84306639
2011,CP-SPPOLY-150-S,CPPPOLY-150,Annual,23.32963584,26.63094538,11.41507119
2011,CP-SPPOLY-150-C,CPPPOLY-150,Annual,11.28130637,12.77353039,11.32274044
2012,CP-SPUREA-150-C,CPPUREA-150,Annual,1.61568384,1.99017459,12.31784673
2012,CP-SPUREA-150-S,CPPUREA-150,Annual,2.94461184,3.433096845,11.65891137
2012,CP-SPUREA-150-S,CPPUREA-150,Annual,6.780312576,9.41245997,13.88204432
2012,CP-SPUREA-150-C,CPPUREA-150,Annual,0,0,
2012,CP-SPUREA-150-C,CPPUREA-150,Annual,2.325550848,3.004888143,12.92118874
2012,CP-SPUREA-150-C,CPPUREA-150,Annual,0.873532416,1.548753842,17.72978099
2012,CP-SPUREA-150-S,CPPUREA-150,Annual,2.742127104,3.109615776,11.34015915
2012,CP-SPUREA-150-S,CPPUREA-150,Annual,1.562819328,2.36859093,15.15588455
2012,CP-SP-150-S,CPP-150,Annual,7.32787968,6.776571104,9.247656074
2012,CP-SP-150-C,CPP-150,Annual,8.065056768,8.674131156,10.75520161
2012,CP-SP-150-S,CPP-150,Annual,5.016374016,5.697219985,11.35724722
2012,CP-SP-150-C,CPP-150,Annual,2.482583808,3.906194909,15.73439292
2012,CP-SP-150-S,CPP-150,Annual,3.339437568,6.479847815,19.40400946
2012,CP-SP-150-S,CPP-150,Annual,2.127942912,4.182601448,19.65560929
2012,CP-SP-150-C,CPP-150,Annual,0.15800832,0.255471665,16.16824134
2012,CP-SP-150-C,CPP-150,Annual,1.594420992,2.3631784,14.82154595
2012,CP-SPPOLY-150-C,CPPPOLY-150,Annual,0,0,
2012,CP-SPPOLY-150-C,CPPPOLY-150,Annual,1.854061824,1.921720388,10.36492075
2012,CP-SPPOLY-150-S,CPPPOLY-150,Annual,2.670828288,2.559996727,9.585029254
2012,CP-SPPOLY-150-S,CPPPOLY-150,Annual,0,0,
2012,CP-SPPOLY-150-S,CPPPOLY-150,Annual,0.731617536,1.168059872,15.96544389
2012,CP-SPPOLY-150-C,CPPPOLY-150,Annual,1.17140736,1.492458965,12.74073406
2012,CP-SPPOLY-150-C,CPPPOLY-150,Annual,1.958620416,2.999337115,15.3135191
2012,CP-SPPOLY-150-S,CPPPOLY-150,Annual,1.448702208,2.300314862,15.8784521
2013,CP-SPUREA-150-S,CPPUREA-150,Annual,29.56797338,62.65575811,21.19041346
2013,CP-SPUREA-150-C,CPPUREA-150,Annual,16.32986726,24.91672024,15.25837279
2013,CP-SPUREA-150-C,CPPUREA-150,Annual,21.4351047,33.55398482,15.65375364
2013,CP-SPUREA-150-S,CPPUREA-150,Annual,8.014435584,15.68106915,19.56603056
2013,CP-SPUREA-150-S,CPPUREA-150,Annual,20.24944896,50.50626118,24.94204226
2013,CP-SPUREA-150-S,CPPUREA-150,Annual,7.281940224,18.40553612,25.27559353
2013,CP-SPUREA-150-C,CPPUREA-150,Annual,20.28144077,45.90657024,22.6347678
2013,CP-SPUREA-150-C,CPPUREA-150,Annual,24.01004698,59.41542235,24.74606668
2013,CP-SP-150-C,CPP-150,Annual,24.81082566,37.34327006,15.05120006
2013,CP-SP-150-S,CPP-150,Annual,23.8318487,49.742145,20.87213024
2013,CP-SP-150-C,CPP-150,Annual,26.62391424,43.9643584,16.51310848
2013,CP-SP-150-S,CPP-150,Annual,24.85909786,64.057738,25.76832771
2013,CP-SP-150-C,CPP-150,Annual,29.44592333,74.90479078,25.43808525
2013,CP-SP-150-C,CPP-150,Annual,25.45045862,71.75694392,28.19475475
2013,CP-SP-150-S,CPP-150,Annual,25.41359002,59.87373861,23.55973264
2013,CP-SP-150-S,CPP-150,Annual,18.45790771,32.33011028,17.51558778
2013,CP-SPPOLY-150-S,CPPPOLY-150,Annual,7.405615872,15.16539594,20.47823733
2013,CP-SPPOLY-150-S,CPPPOLY-150,Annual,24.28597632,28.75039013,11.83826821
2013,CP-SPPOLY-150-C,CPPPOLY-150,Annual,22.2820992,32.86607944,14.74999242
2013,CP-SPPOLY-150-C,CPPPOLY-150,Annual,18.49429677,35.85387822,19.38645122
2013,CP-SPPOLY-150-C,CPPPOLY-150,Annual,11.51149133,23.70516412,20.59260911
2013,CP-SPPOLY-150-S,CPPPOLY-150,Annual,20.21472614,41.37985114,20.47015173
2013,CP-SPPOLY-150-S,CPPPOLY-150,Annual,23.14938931,34.45785867,14.88499684
2013,CP-SPPOLY-150-C,CPPPOLY-150,Annual,20.28875597,43.29745529,21.34061613
2014,CP-SPUREA-150-C,CPPUREA-150,Annual,29.49576422,66.75193055,22.63102256
2014,CP-SPUREA-150-S,CPPUREA-150,Annual,30.6203814,39.64107048,12.94597542
2014,CP-SPUREA-150-S,CPPUREA-150,Annual,25.19759654,45.99414729,18.25338667
2014,CP-SPUREA-150-C,CPPUREA-150,Annual,9.826849536,25.18206453,25.62577603
2014,CP-SPUREA-150-C,CPPUREA-150,Annual,32.65037107,85.8954986,26.30766383
2014,CP-SPUREA-150-C,CPPUREA-150,Annual,18.5708544,49.36959209,26.58444842
2014,CP-SPUREA-150-S,CPPUREA-150,Annual,18.35047181,33.77192399,18.40384506
2014,CP-SPUREA-150-S,CPPUREA-150,Annual,22.86976986,50.47862974,22.07220713
2014,CP-SP-150-S,CPP-150,Annual,23.00154099,35.57212359,15.46510454
2014,CP-SP-150-C,CPP-150,Annual,30.40275149,46.84091334,15.40680072
2014,CP-SP-150-S,CPP-150,Annual,22.41876339,35.56805747,15.86530749
2014,CP-SP-150-C,CPP-150,Annual,31.04834227,68.07204146,21.92453332
2014,CP-SP-150-S,CPP-150,Annual,22.64132429,44.12634108,19.48929335
2014,CP-SP-150-S,CPP-150,Annual,24.29212109,51.00497751,20.99651048
2014,CP-SP-150-C,CPP-150,Annual,23.74884557,46.59832238,19.62130001
2014,CP-SP-150-C,CPP-150,Annual,22.20170678,34.19844791,15.40352201
2014,CP-SPPOLY-150-C,CPPPOLY-150,Annual,22.25537434,35.47650403,15.94064584
2014,CP-SPPOLY-150-S,CPPPOLY-150,Annual,29.46486157,33.56248042,11.39067982
2014,CP-SPPOLY-150-S,CPPPOLY-150,Annual,24.40760371,45.08935779,18.47348815
2014,CP-SPPOLY-150-S,CPPPOLY-150,Annual,16.85851238,24.46318685,14.51088109
2014,CP-SPPOLY-150-C,CPPPOLY-150,Annual,23.09623219,45.29670468,19.61216198
2014,CP-SPPOLY-150-C,CPPPOLY-150,Annual,21.17477299,54.87899792,25.91715998
2014,CP-SPPOLY-150-S,CPPPOLY-150,Annual,20.7692183,36.52743891,17.58729595
2015,CP-SPUREA-150-S,CPPPOLY-150,Annual,51.06320902,97.59317677,19.11222946
2015,CP-SPUREA-150-C,CPPUREA-150,Annual,53.82016973,69.02748264,12.82557877
2015,CP-SPUREA-150-C,CPPUREA-150,Annual,51.33019757,84.74031138,16.50886133
2015,CP-SPUREA-150-S,CPPUREA-150,Annual,10.02455501,20.37609832,20.32618735
2015,CP-SPUREA-150-S,CPPUREA-150,Annual,50.50442528,113.2711551,22.42796636
2015,CP-SPUREA-150-S,CPPUREA-150,Annual,34.38758477,101.4406172,29.49919801
2015,CP-SPUREA-150-C,CPPUREA-150,Annual,24.91927757,35.47178887,14.23467786
2015,CP-SPUREA-150-C,CPPUREA-150,Annual,48.91264589,83.21946888,17.01389638
2015,CP-SP-150-C,CPP-150,Annual,48.55969562,57.9086072,11.92524098
2015,CP-SP-150-S,CPP-150,Annual,52.26261734,81.54473216,15.60287952
2015,CP-SP-150-C,CPP-150,Annual,45.47219354,52.63663785,11.57556602
2015,CP-SP-150-S,CPP-150,Annual,57.51862918,119.1597947,20.71673064
2015,CP-SP-150-C,CPP-150,Annual,36.03555302,63.27616893,17.55937224
2015,CP-SP-150-C,CPP-150,Annual,43.45394611,70.0195942,16.11351798
2015,CP-SP-150-S,CPP-150,Annual,48.07646976,84.9168032,17.66286161
2015,CP-SP-150-S,CPP-150,Annual,35.15724134,48.26845908,13.72930788
2015,CP-SPPOLY-150-S,CPPPOLY-150,Annual,23.25157453,41.71503608,17.94073603
2015,CP-SPPOLY-150-S,CPPPOLY-150,Annual,43.56572237,55.17859248,12.66559797
2015,CP-SPPOLY-150-C,CPPPOLY-150,Annual,69.08348083,63.49349119,9.190835556
2015,CP-SPPOLY-150-C,CPPPOLY-150,Annual,34.26020275,64.4130367,18.80112537
2015,CP-SPPOLY-150-C,CPPPOLY-150,Annual,28.46227277,33.52775633,11.77971858
2015,CP-SPPOLY-150-S,CPPPOLY-150,Annual,45.49498445,80.19608853,17.62745707
2015,CP-SPPOLY-150-S,CPPPOLY-150,Annual,32.040576,73.54686179,22.95428827
2015,CP-SPPOLY-150-C,CPPPOLY-150,Annual,39.23541658,51.01238798,13.00161753
